,Date,Price,Open,High,Low,Volume,ChangePercentFromLastMonth
0,12/19/2023,42259.3,42659.7,43473.3,41842.7,55.29K,-0.94
1,12/18/2023,42659.7,41369.1,42728.0,40554.0,61.58K,3.12
2,12/17/2023,41368.7,42271.7,42413.2,41276.9,35.46K,-2.14
3,12/16/2023,42271.7,41929.0,42690.3,41698.2,30.11K,0.82
4,12/15/2023,41929.0,43025.2,43080.7,41697.9,45.28K,-2.55
5,12/14/2023,43025.9,42886.3,43392.7,41591.2,59.15K,0.33
6,12/13/2023,42884.5,41487.0,43417.5,40649.3,63.11K,3.37
7,12/12/2023,41487.0,41256.1,42070.9,40691.5,57.04K,0.56
8,12/11/2023,41256.1,43791.0,43806.3,40277.1,105.19K,-5.79
9,12/10/2023,43791.0,43716.6,44045.4,43576.8,23.81K,0.17
10,12/09/2023,43718.4,44175.5,44361.2,43617.4,31.67K,-1.03
11,12/08/2023,44175.5,43288.3,44697.6,43108.4,58.44K,2.05
12,12/07/2023,43289.7,43774.4,44046.4,42860.5,63.09K,-1.11
13,12/06/2023,43776.3,44076.2,44283.7,43466.7,72.52K,-0.68
14,12/05/2023,44076.2,41989.6,44424.1,41424.9,96.84K,4.97
15,12/04/2023,41987.8,39968.6,42394.4,39968.6,104.21K,5.05
16,12/03/2023,39970.2,39456.8,40178.9,39280.3,35.27K,1.3
17,12/02/2023,39458.4,38688.2,39673.4,38646.5,37.09K,1.99
18,12/01/2023,38688.2,37712.9,38950.8,37618.3,62.50K,2.59
19,11/30/2023,37712.9,37857.6,38144.4,37509.2,33.53K,-0.38
20,11/29/2023,37855.5,37823.3,38362.9,37607.6,49.34K,0.09
21,11/28/2023,37823.3,37244.3,38379.4,36881.1,57.50K,1.54
22,11/27/2023,37248.6,37451.8,37563.3,36751.5,45.24K,-0.54
23,11/26/2023,37451.8,37786.4,37819.1,37166.3,29.20K,-0.89
24,11/25/2023,37787.0,37718.6,37887.4,37599.9,16.09K,0.18
25,11/24/2023,37717.3,37295.0,38400.8,37257.4,65.83K,1.14
26,11/23/2023,37293.1,37410.8,37642.5,36915.3,32.35K,-0.31
27,11/22/2023,37410.8,35797.5,37862.5,35695.6,64.81K,4.46
28,11/21/2023,35813.6,37452.7,37631.2,35799.2,71.07K,-4.38
29,11/20/2023,37454.1,37356.6,37735.6,36857.6,51.80K,0.27
30,11/19/2023,37354.2,36568.6,37504.6,36393.3,26.14K,2.15
31,11/18/2023,36568.6,36617.5,36845.2,36220.6,20.88K,-0.07
32,11/17/2023,36595.4,36161.8,36690.6,35875.2,51.37K,1.2
33,11/16/2023,36161.2,37873.9,37907.6,35561.6,66.92K,-4.52
34,11/15/2023,37874.9,35549.3,37954.1,35379.6,75.51K,6.54
35,11/14/2023,35549.3,36478.3,36744.5,34984.3,63.56K,-2.55
36,11/13/2023,36478.3,37067.8,37404.6,36358.4,44.55K,-1.58
37,11/12/2023,37064.4,37149.0,37215.3,36761.9,21.45K,-0.23
38,11/11/2023,37150.5,37306.3,37401.3,36767.6,29.53K,-0.41
39,11/10/2023,37303.0,36700.5,37496.1,36347.2,59.56K,1.64
40,11/09/2023,36700.5,35636.9,37942.0,35578.1,115.56K,2.98
41,11/08/2023,35636.9,35426.2,36050.2,35148.8,46.33K,0.6
42,11/07/2023,35426.1,35042.1,35877.9,34536.9,53.49K,1.1
43,11/06/2023,35042.0,35020.3,35275.6,34742.9,29.81K,0.06
44,11/05/2023,35019.4,35065.8,35360.2,34550.0,31.02K,-0.13
45,11/04/2023,35065.8,34718.6,35242.2,34601.1,23.80K,1.0
46,11/03/2023,34718.7,34931.4,34940.6,34124.2,54.54K,-0.61
47,11/02/2023,34931.4,35423.8,35907.6,34357.4,63.66K,-1.39
48,11/01/2023,35423.8,34648.3,35557.5,34138.7,71.66K,2.23
49,10/31/2023,34650.6,34478.9,34704.6,34053.9,43.40K,0.5
50,10/30/2023,34477.9,34526.7,34853.3,34089.5,45.20K,-0.14
51,10/29/2023,34526.7,34082.6,34737.9,33937.6,27.72K,1.3
52,10/28/2023,34082.6,33901.6,34387.8,33867.3,22.00K,0.53
53,10/27/2023,33901.8,34153.7,34245.8,33423.6,47.33K,-0.74
54,10/26/2023,34153.7,34497.6,34826.0,33749.9,56.62K,-0.99
55,10/25/2023,34496.8,33917.0,35123.9,33713.4,75.81K,1.71
56,10/24/2023,33917.0,33037.3,35191.4,32866.5,159.08K,2.65
57,10/23/2023,33041.8,29984.2,34375.6,29891.4,133.46K,10.2
58,10/22/2023,29984.2,29912.7,30193.4,29713.6,29.07K,0.24
59,10/21/2023,29912.9,29674.7,30264.8,29469.1,34.68K,0.8
60,10/20/2023,29674.5,28724.0,30165.9,28586.1,82.68K,3.31
61,10/19/2023,28723.0,28321.8,28883.8,28170.2,50.10K,1.42
62,10/18/2023,28321.7,28405.2,28876.0,28169.0,45.01K,-0.29
63,10/17/2023,28403.6,28508.3,28608.5,28096.9,53.42K,-0.37
64,10/16/2023,28509.7,27161.2,29969.5,27119.7,119.18K,4.96
65,10/15/2023,27161.2,26852.8,27286.9,26812.6,21.95K,1.15
66,10/14/2023,26852.8,26863.5,26975.7,26805.1,13.56K,-0.04
67,10/13/2023,26863.5,26761.1,27114.8,26682.9,33.66K,0.38
68,10/12/2023,26761.1,26878.2,26942.8,26565.3,32.75K,-0.43
69,10/11/2023,26876.6,27391.9,27475.9,26558.4,55.78K,-1.88
70,10/10/2023,27391.0,27581.5,27728.1,27300.1,34.32K,-0.69
71,10/09/2023,27581.4,27922.7,27986.4,27279.5,44.81K,-1.22
72,10/08/2023,27922.7,27961.1,28097.5,27714.4,24.11K,-0.14
73,10/07/2023,27961.1,27935.5,28021.3,27859.0,17.29K,0.09
74,10/06/2023,27936.9,27410.3,28223.6,27195.7,52.51K,1.92
75,10/05/2023,27410.3,27783.5,28089.1,27371.7,46.26K,-1.37
76,10/04/2023,27790.9,27428.7,27832.7,27242.5,40.93K,1.32
77,10/03/2023,27428.4,27501.6,27670.8,27194.1,44.06K,-0.28
78,10/02/2023,27505.3,27974.6,28556.6,27325.2,84.30K,-1.68
79,10/01/2023,27974.5,26962.5,28038.4,26955.7,35.11K,3.75
80,09/30/2023,26962.7,26908.1,27085.7,26887.5,17.55K,0.2
81,09/29/2023,26909.8,27022.6,27229.5,26728.8,42.24K,-0.42
82,09/28/2023,27022.6,26368.2,27283.6,26339.4,64.56K,2.49
83,09/27/2023,26366.1,26218.9,26836.9,26109.1,50.80K,0.56
84,09/26/2023,26218.9,26303.1,26396.2,26093.4,26.41K,-0.32
85,09/25/2023,26302.7,26251.6,26423.6,26013.6,38.20K,0.2
86,09/24/2023,26251.5,26579.0,26727.6,26162.2,22.32K,-1.23
87,09/23/2023,26579.2,26581.7,26636.2,26517.5,12.92K,-0.01
88,09/22/2023,26581.9,26569.5,26736.4,26488.5,28.79K,0.04
89,09/21/2023,26570.0,27125.2,27155.6,26382.3,47.81K,-2.05
90,09/20/2023,27125.0,27209.2,27378.6,26851.8,47.23K,-0.31
91,09/19/2023,27209.2,26759.0,27480.7,26672.2,52.17K,1.67
92,09/18/2023,26763.5,26530.3,27413.3,26405.2,63.35K,0.88
93,09/17/2023,26529.1,26562.0,26614.4,26408.7,16.57K,-0.12
94,09/16/2023,26562.0,26599.9,26769.0,26463.5,18.45K,-0.15
95,09/15/2023,26601.0,26523.3,26837.4,26233.1,36.47K,0.29
96,09/14/2023,26524.7,26223.0,26760.3,26148.6,53.82K,1.15
97,09/13/2023,26223.0,25836.1,26382.3,25766.9,42.58K,1.5
98,09/12/2023,25834.5,25166.4,26472.6,25133.5,78.71K,2.65
99,09/11/2023,25166.4,25840.2,25897.4,24923.1,56.32K,-2.61
100,09/10/2023,25840.2,25901.1,25995.1,25626.7,23.60K,-0.24
101,09/09/2023,25901.1,25909.5,25938.5,25814.3,13.48K,-0.03
102,09/08/2023,25909.5,26248.5,26415.4,25701.6,41.01K,-1.3
103,09/07/2023,26249.8,25758.0,26417.7,25626.5,39.77K,1.91
104,09/06/2023,25758.0,25790.1,26018.4,25411.7,37.78K,-0.13
105,09/05/2023,25790.2,25824.4,25864.0,25596.3,28.40K,-0.13
106,09/04/2023,25823.3,25971.0,26094.2,25660.9,27.13K,-0.57
107,09/03/2023,25971.0,25869.7,26090.4,25816.6,21.36K,0.39
108,09/02/2023,25869.7,25803.5,25977.4,25752.7,21.24K,0.26
109,09/01/2023,25803.2,25938.3,26144.9,25361.9,58.08K,-0.52
110,08/31/2023,25937.3,27300.6,27464.5,25731.0,69.11K,-4.99
111,08/30/2023,27298.8,27723.9,27757.3,27043.2,46.54K,-1.53
112,08/29/2023,27723.9,26118.1,28046.0,25919.8,98.32K,6.14
113,08/28/2023,26118.9,26100.6,26215.7,25891.0,28.84K,0.07
114,08/27/2023,26100.6,26017.1,26176.8,25968.7,14.29K,0.32
115,08/26/2023,26017.1,26057.2,26114.1,25993.5,12.09K,-0.15
116,08/25/2023,26057.2,26176.1,26265.7,25811.6,39.96K,-0.46
117,08/24/2023,26177.0,26436.2,26560.5,25943.6,41.04K,-0.98
118,08/23/2023,26436.2,26042.0,26807.7,25812.6,60.96K,1.52
119,08/22/2023,26039.9,26126.8,26138.8,25481.9,47.72K,-0.33
120,08/21/2023,26126.0,26190.8,26220.9,25850.8,41.10K,-0.25
121,08/20/2023,26190.8,26099.5,26269.1,25998.5,24.00K,0.35
122,08/19/2023,26099.4,26053.3,26262.2,25799.5,33.04K,0.18
123,08/18/2023,26053.2,26635.7,26801.9,25691.0,93.05K,-2.19
124,08/17/2023,26635.7,28726.1,28771.8,25489.4,132.92K,-7.28
125,08/16/2023,28726.3,29195.3,29251.1,28717.6,43.71K,-1.61
126,08/15/2023,29195.3,29426.7,29472.0,29118.6,33.81K,-0.79
127,08/14/2023,29426.7,29300.1,29689.0,29116.0,39.30K,0.43
128,08/13/2023,29300.1,29428.2,29468.5,29272.3,13.49K,-0.44
129,08/12/2023,29428.2,29420.8,29480.8,29375.4,11.07K,0.02
130,08/11/2023,29420.8,29448.9,29544.9,29271.2,27.71K,-0.1
131,08/10/2023,29449.0,29578.0,29719.4,29377.5,32.00K,-0.44
132,08/09/2023,29578.0,29771.3,30104.0,29384.2,49.67K,-0.67
133,08/08/2023,29777.4,29204.2,30168.6,29137.7,62.57K,1.96
134,08/07/2023,29204.2,29081.3,29270.2,28721.0,41.19K,0.42
135,08/06/2023,29081.3,29067.9,29198.9,28987.4,16.03K,0.05
136,08/05/2023,29068.1,29105.6,29139.3,28983.0,14.55K,-0.13
137,08/04/2023,29105.5,29189.1,29319.1,28875.8,31.43K,-0.29
138,08/03/2023,29189.3,29180.9,29409.8,28981.0,36.08K,0.05
139,08/02/2023,29173.7,29711.8,30025.9,28961.6,67.41K,-1.81
140,08/01/2023,29712.2,29232.3,29712.2,28611.0,64.01K,1.64
141,07/31/2023,29232.4,29282.0,29502.3,29128.3,31.84K,-0.17
142,07/30/2023,29281.7,29354.2,29446.6,29054.5,20.58K,-0.24
143,07/29/2023,29353.5,29315.0,29400.1,29256.9,13.90K,0.13
144,07/28/2023,29315.0,29222.7,29533.0,29125.1,31.42K,0.32
145,07/27/2023,29222.7,29352.9,29568.8,29094.0,30.42K,-0.44
146,07/26/2023,29352.2,29228.8,29681.8,29109.7,44.33K,0.42
147,07/25/2023,29228.6,29178.3,29365.4,29058.7,29.05K,0.17
148,07/24/2023,29178.1,30085.9,30098.2,28890.7,55.73K,-3.02
149,07/23/2023,30085.9,29788.9,30337.0,29735.7,23.32K,1.0
150,07/22/2023,29788.9,29904.5,29988.0,29657.3,18.47K,-0.38
151,07/21/2023,29903.1,29801.0,30058.9,29739.9,32.59K,0.34
152,07/20/2023,29801.0,29909.7,30408.0,29621.4,50.33K,-0.36
153,07/19/2023,29909.7,29866.7,30185.5,29789.3,34.96K,0.14
154,07/18/2023,29866.8,30139.7,30242.4,29624.6,42.40K,-0.91
155,07/17/2023,30139.7,30235.5,30335.9,29693.3,42.84K,-0.32
156,07/16/2023,30235.5,30291.8,30435.0,30075.4,20.31K,-0.18
157,07/15/2023,30291.4,30316.8,30395.4,30246.9,17.06K,-0.09
158,07/14/2023,30317.4,31465.4,31602.6,29944.3,82.42K,-3.65
159,07/13/2023,31466.1,30387.3,31764.5,30260.0,99.81K,3.55
160,07/12/2023,30387.3,30623.3,30951.3,30231.7,54.06K,-0.77
161,07/11/2023,30623.3,30414.2,30782.2,30333.8,39.84K,0.68
162,07/10/2023,30415.3,30166.9,31019.6,29969.1,55.24K,0.82
163,07/09/2023,30166.9,30288.8,30425.5,30071.9,20.05K,-0.4
164,07/08/2023,30288.8,30346.8,30379.9,30055.9,17.41K,-0.19
165,07/07/2023,30346.4,29912.7,30442.0,29757.4,46.42K,1.45
166,07/06/2023,29913.1,30512.8,31463.6,29869.0,90.81K,-1.97
167,07/05/2023,30512.8,30768.6,30875.6,30233.3,43.23K,-0.83
168,07/04/2023,30768.4,31152.0,31326.5,30657.8,42.12K,-1.23
169,07/03/2023,31151.3,30617.5,31377.0,30581.5,56.49K,1.74
170,07/02/2023,30617.7,30587.1,30769.0,30227.9,28.82K,0.1
171,07/01/2023,30586.8,30472.9,30649.9,30329.0,22.46K,0.37
172,06/30/2023,30472.9,30445.7,31275.5,29714.5,118.65K,0.09
173,06/29/2023,30445.7,30077.3,30823.1,30051.3,49.57K,1.22
174,06/28/2023,30078.6,30691.9,30703.4,29919.5,51.06K,-1.99
175,06/27/2023,30689.1,30267.0,30993.7,30231.3,55.82K,1.39
176,06/26/2023,30267.0,30466.3,30645.9,29986.3,58.71K,-0.65
177,06/25/2023,30465.3,30533.6,31040.2,30315.8,37.12K,-0.22
178,06/24/2023,30533.6,30680.7,30795.3,30269.4,38.15K,-0.48
179,06/23/2023,30679.4,29890.2,31395.4,29822.6,98.85K,2.64
180,06/22/2023,29890.5,29992.8,30497.8,29590.4,79.22K,-0.35
181,06/21/2023,29996.9,28307.7,30769.5,28270.5,143.49K,5.97
182,06/20/2023,28307.7,26845.9,28393.0,26665.5,100.55K,5.44
183,06/19/2023,26845.9,26339.7,27029.7,26295.1,46.45K,1.92
184,06/18/2023,26339.7,26515.0,26679.3,26290.6,27.31K,-0.66
185,06/17/2023,26515.0,26341.3,26767.3,26183.5,35.86K,0.66
186,06/16/2023,26341.3,25591.9,26472.8,25276.0,69.24K,2.93
187,06/15/2023,25591.3,25129.5,25732.8,24838.0,68.38K,1.84
188,06/14/2023,25129.5,25929.0,26051.7,24847.4,60.82K,-3.08
189,06/13/2023,25929.4,25906.9,26428.9,25726.4,56.24K,0.09
190,06/12/2023,25906.8,25927.9,26080.7,25635.0,40.75K,-0.08
191,06/11/2023,25928.4,25843.3,26190.1,25660.8,39.20K,0.33
192,06/10/2023,25844.0,26479.3,26525.1,25468.3,83.57K,-2.4
193,06/09/2023,26479.3,26501.1,26773.9,26326.7,38.96K,-0.08
194,06/08/2023,26501.1,26341.8,26784.4,26231.3,39.95K,0.6
195,06/07/2023,26342.5,27230.2,27342.0,26141.0,77.48K,-3.26
196,06/06/2023,27230.2,25745.6,27325.2,25425.6,88.61K,5.76
197,06/05/2023,25747.4,27122.3,27125.5,25437.5,85.42K,-5.07
198,06/04/2023,27122.3,27070.9,27410.2,26956.1,23.81K,0.19
199,06/03/2023,27072.0,27246.0,27317.5,26931.4,20.62K,-0.63
200,06/02/2023,27244.7,26819.0,27299.4,26541.3,49.37K,1.59
201,06/01/2023,26819.0,27216.4,27340.9,26662.3,51.98K,-1.46
202,05/31/2023,27216.1,27696.9,27825.0,26865.1,63.08K,-1.74
203,05/30/2023,27698.2,27738.9,28033.6,27583.8,45.19K,-0.15
204,05/29/2023,27739.4,28068.4,28431.2,27548.8,54.56K,-1.18
205,05/28/2023,28071.2,26855.3,28181.9,26788.5,55.23K,4.52
206,05/27/2023,26857.5,26711.2,26882.9,26591.2,18.68K,0.55
207,05/26/2023,26711.5,26475.5,26911.6,26330.0,45.88K,0.89
208,05/25/2023,26475.8,26327.1,26589.2,25892.5,50.17K,0.56
209,05/24/2023,26328.4,27220.7,27220.7,26088.7,72.65K,-3.28
210,05/23/2023,27220.7,26851.6,27448.1,26804.1,50.89K,1.39
211,05/22/2023,26847.3,26749.9,27048.9,26546.1,35.56K,0.36
212,05/21/2023,26749.9,27116.2,27257.1,26677.6,27.42K,-1.35
213,05/20/2023,27116.2,26883.0,27147.2,26831.3,17.72K,0.87
214,05/19/2023,26882.9,26828.2,27154.7,26711.3,36.67K,0.2
215,05/18/2023,26828.0,27403.8,27467.0,26449.8,63.39K,-2.1
216,05/17/2023,27403.1,27035.5,27465.3,26597.7,58.14K,1.36
217,05/16/2023,27035.3,27183.9,27295.3,26881.9,45.29K,-0.55
218,05/15/2023,27183.9,26920.4,27651.7,26752.1,53.27K,0.98
219,05/14/2023,26920.0,26777.4,27176.1,26609.9,26.35K,0.53
220,05/13/2023,26777.5,26798.7,27011.9,26695.6,27.95K,-0.08
221,05/12/2023,26799.2,26983.1,27044.0,25853.1,87.49K,-0.68
222,05/11/2023,26983.5,27604.3,27607.4,26766.2,62.85K,-2.25
223,05/10/2023,27603.3,27634.3,28311.7,26885.7,91.45K,-0.11
224,05/09/2023,27634.9,27670.5,27816.0,27366.3,49.75K,-0.13
225,05/08/2023,27670.5,28424.8,28627.8,27280.3,85.72K,-2.65
226,05/07/2023,28424.8,28857.1,29122.0,28419.6,36.50K,-1.5
227,05/06/2023,28857.1,29512.8,29816.4,28414.9,58.94K,-2.22
228,05/05/2023,29513.2,28842.2,29653.9,28825.3,74.52K,2.33
229,05/04/2023,28842.1,29023.6,29352.7,28687.4,53.80K,-0.63
230,05/03/2023,29023.6,28669.1,29244.7,28164.4,81.22K,1.24
231,05/02/2023,28669.1,28079.0,28877.4,27913.2,65.33K,2.11
232,05/01/2023,28077.6,29252.1,29329.6,27685.9,84.36K,-4.02
233,04/30/2023,29252.1,29235.1,29941.3,29095.0,47.62K,0.06
234,04/29/2023,29234.1,29318.4,29425.5,29058.5,25.72K,-0.3
235,04/28/2023,29321.8,29475.9,29587.2,28927.8,69.88K,-0.52
236,04/27/2023,29475.9,28424.5,29859.8,28392.4,121.63K,3.7
237,04/26/2023,28424.6,28298.8,29995.7,27307.8,164.31K,0.44
238,04/25/2023,28298.8,27510.1,28375.6,27201.1,65.31K,2.87
239,04/24/2023,27509.3,27591.4,27978.8,27054.3,66.74K,-0.3
240,04/23/2023,27591.4,27813.8,27815.0,27388.5,41.77K,-0.8
241,04/22/2023,27813.9,27264.8,27872.0,27165.7,44.30K,2.01
242,04/21/2023,27264.8,28240.5,28353.4,27171.1,98.72K,-3.46
243,04/20/2023,28240.5,28813.7,29082.1,28032.4,95.45K,-1.99
244,04/19/2023,28813.7,30382.2,30408.4,28641.1,111.27K,-5.16
245,04/18/2023,30382.2,29434.1,30470.1,29149.2,76.58K,3.22
246,04/17/2023,29434.9,30310.8,30312.2,29274.0,71.90K,-2.89
247,04/16/2023,30310.3,30299.2,30545.3,30134.6,34.48K,0.04
248,04/15/2023,30299.6,30472.6,30586.5,30208.8,31.71K,-0.57
249,04/14/2023,30472.5,30387.4,30964.9,30026.0,98.38K,0.28
250,04/13/2023,30387.4,29892.4,30524.1,29864.5,65.87K,1.68
251,04/12/2023,29886.4,30209.8,30473.0,29679.5,78.69K,-1.07
252,04/11/2023,30209.6,29641.0,30484.6,29597.8,89.38K,1.92
253,04/10/2023,29641.0,28326.5,29755.4,28182.9,85.73K,4.64
254,04/09/2023,28326.6,27941.2,28522.7,27809.2,39.35K,1.38
255,04/08/2023,27941.2,27910.4,28153.1,27863.8,23.73K,0.11
256,04/07/2023,27910.4,28037.6,28102.5,27779.4,30.94K,-0.45
257,04/06/2023,28036.7,28173.5,28173.5,27734.5,51.29K,-0.49
258,04/05/2023,28173.5,28164.4,28744.4,27823.5,77.32K,0.03
259,04/04/2023,28164.4,27802.2,28429.1,27668.9,64.06K,1.3
260,04/03/2023,27802.1,28194.7,28458.4,27256.9,98.00K,-1.41
261,04/02/2023,28198.3,28456.1,28522.8,27871.7,45.04K,-0.91
262,04/01/2023,28456.1,28473.7,28795.1,28285.6,38.09K,-0.06
263,03/31/2023,28473.7,28029.3,28646.3,27587.5,98.44K,1.58
264,03/30/2023,28029.5,28350.3,29160.4,27716.7,122.51K,-1.13
265,03/29/2023,28350.4,27262.9,28627.4,27249.8,109.32K,3.99
266,03/28/2023,27262.2,27127.8,27465.0,26665.6,94.16K,0.49
267,03/27/2023,27129.8,27974.8,28023.3,26611.5,107.24K,-3.02
268,03/26/2023,27973.5,27474.9,28153.7,27429.1,60.64K,1.81
269,03/25/2023,27475.6,27462.2,27761.9,27176.7,61.36K,0.05
270,03/24/2023,27462.2,28306.9,28374.5,27026.5,110.36K,-3.0
271,03/23/2023,28310.7,27262.8,28734.1,27144.6,158.46K,3.85
272,03/22/2023,27261.7,28114.2,28760.3,26668.7,262.03K,-3.03
273,03/21/2023,28114.0,27719.8,28437.8,27350.6,438.78K,1.42
274,03/20/2023,27720.5,27958.9,28457.8,27157.0,503.90K,-0.85
275,03/19/2023,27958.7,26914.5,28347.3,26844.6,393.27K,3.88
276,03/18/2023,26914.5,27391.9,27659.1,26688.7,392.47K,-1.74
277,03/17/2023,27391.8,25004.4,27742.2,24900.1,674.96K,9.55
278,03/16/2023,25004.1,24283.2,25139.0,24147.9,462.58K,2.97
279,03/15/2023,24282.7,24699.6,25108.9,23932.4,614.31K,-1.69
280,03/14/2023,24699.7,24121.5,26365.9,23994.6,753.06K,2.43
281,03/13/2023,24114.4,21994.8,24406.2,21859.6,733.63K,9.64
282,03/12/2023,21994.8,20465.0,22028.6,20294.2,455.69K,7.46
283,03/11/2023,20467.5,20156.5,20669.5,19796.7,453.46K,1.54
284,03/10/2023,20156.7,20362.0,20362.6,19591.8,655.27K,-1.01
285,03/09/2023,20361.8,21710.8,21826.5,20079.6,468.76K,-6.21
286,03/08/2023,21710.8,22197.8,22274.3,21661.3,316.51K,-2.19
287,03/07/2023,22197.8,22410.1,22535.1,21968.6,304.75K,-0.95
288,03/06/2023,22410.0,22428.2,22595.4,22320.1,215.31K,-0.08
289,03/05/2023,22428.3,22347.1,22636.7,22213.5,160.57K,0.36
290,03/04/2023,22347.1,22354.7,22403.7,22167.4,123.93K,-0.03
291,03/03/2023,22354.4,23465.6,23473.4,22051.9,344.63K,-4.73
292,03/02/2023,23465.4,23642.2,23780.5,23208.7,249.26K,-0.75
293,03/01/2023,23642.2,23130.6,23914.1,23025.3,328.77K,2.21
294,02/28/2023,23130.5,23494.0,23595.0,23033.8,275.10K,-1.55
295,02/27/2023,23494.1,23558.7,23876.2,23166.8,297.65K,-0.27
296,02/26/2023,23558.7,23166.1,23671.8,23066.0,209.12K,1.69
297,02/25/2023,23166.1,23191.3,23215.3,22777.4,198.35K,-0.11
298,02/24/2023,23191.5,23936.4,24123.4,22970.3,367.99K,-3.11
299,02/23/2023,23936.3,24186.6,24590.4,23637.9,417.46K,-1.03
300,02/22/2023,24186.6,24450.7,24474.3,23593.4,400.24K,-1.08
301,02/21/2023,24450.7,24839.5,25236.8,24160.8,395.97K,-1.57
302,02/20/2023,24839.5,24302.8,25085.4,23868.6,363.02K,2.21
303,02/19/2023,24302.9,24631.3,25175.2,24273.7,312.64K,-1.33
304,02/18/2023,24631.4,24573.5,24838.9,24457.0,223.77K,0.24
305,02/17/2023,24573.5,23538.2,24984.7,23373.0,523.85K,4.39
306,02/16/2023,23539.6,24328.1,25233.8,23525.9,484.50K,-3.24
307,02/15/2023,24327.9,22198.5,24330.9,22050.8,401.53K,9.59
308,02/14/2023,22198.5,21776.9,22308.6,21556.2,378.39K,1.96
309,02/13/2023,21772.6,21782.7,21887.5,21418.7,312.04K,-0.07
310,02/12/2023,21786.8,21859.9,22080.7,21653.1,211.65K,-0.33
311,02/11/2023,21859.8,21627.4,21902.9,21605.3,182.07K,1.04
312,02/10/2023,21635.0,21792.5,21933.6,21491.7,352.79K,-0.72
313,02/09/2023,21792.5,22964.6,23003.6,21744.6,425.44K,-5.1
314,02/08/2023,22964.6,23251.7,23425.1,22691.7,289.12K,-1.23
315,02/07/2023,23251.7,22761.8,23338.8,22748.2,318.98K,2.15
316,02/06/2023,22761.8,22936.0,23130.6,22633.7,278.58K,-0.76
317,02/05/2023,22936.0,23326.9,23423.4,22766.5,217.26K,-1.66
318,02/04/2023,23323.8,23431.2,23571.8,23269.8,170.27K,-0.46
319,02/03/2023,23431.2,23429.1,23694.1,23233.8,349.36K,0.02
320,02/02/2023,23427.6,23726.2,24207.2,23398.1,382.86K,-1.26
321,02/01/2023,23725.6,23124.7,23784.5,22809.6,333.18K,2.6
322,01/31/2023,23125.1,22832.2,23262.9,22724.9,289.38K,1.28
323,01/30/2023,22832.2,23746.0,23794.0,22560.0,339.62K,-3.88
324,01/29/2023,23753.1,23023.5,23952.9,22973.3,320.86K,3.15
325,01/28/2023,23027.9,23074.6,23182.3,22889.8,156.96K,-0.2
326,01/27/2023,23074.6,23016.0,23480.3,22602.9,310.36K,0.25
327,01/26/2023,23016.0,23055.2,23259.5,22869.0,320.97K,-0.17
328,01/25/2023,23055.1,22632.5,23779.0,22366.3,388.18K,1.87
329,01/24/2023,22632.5,22916.3,23156.1,22517.1,334.17K,-1.23
330,01/23/2023,22915.5,22709.0,23161.8,22527.9,327.85K,0.91
331,01/22/2023,22707.8,22775.7,23068.7,22323.0,280.64K,-0.3
332,01/21/2023,22775.7,22677.5,23304.5,22461.1,382.69K,0.43
333,01/20/2023,22677.2,21074.9,22718.5,20879.3,373.74K,7.57
334,01/19/2023,21081.2,20670.6,21169.4,20669.7,275.76K,1.99
335,01/18/2023,20670.6,21137.1,21584.1,20448.3,388.67K,-2.21
336,01/17/2023,21137.1,21184.4,21506.4,20926.2,310.04K,-0.22
337,01/16/2023,21184.2,20880.1,21416.8,20698.9,337.46K,1.46
338,01/15/2023,20879.8,20956.0,21032.2,20585.7,205.80K,-0.37
339,01/14/2023,20958.2,19926.9,21185.6,19898.6,458.21K,5.17
340,01/13/2023,19927.0,18850.8,19981.6,18723.8,426.67K,5.71
341,01/12/2023,18851.3,17941.0,19055.3,17915.5,522.01K,5.07
342,01/11/2023,17942.3,17440.5,17989.8,17323.9,291.53K,2.89
343,01/10/2023,17439.1,17180.1,17491.0,17151.7,247.14K,1.51
344,01/09/2023,17180.1,17119.0,17390.8,17107.1,301.24K,0.36
345,01/08/2023,17119.0,16943.6,17119.0,16913.8,144.84K,1.04
346,01/07/2023,16943.6,16950.9,16979.6,16909.7,110.48K,-0.04
347,01/06/2023,16950.9,16829.8,17012.3,16707.6,233.47K,0.72
348,01/05/2023,16829.8,16852.2,16877.9,16772.3,178.96K,-0.13
349,01/04/2023,16852.1,16674.2,16976.5,16656.5,247.39K,1.07
350,01/03/2023,16674.2,16673.1,16773.2,16607.2,178.73K,0.0
351,01/02/2023,16674.3,16618.4,16766.9,16551.0,136.03K,0.34
352,01/01/2023,16618.4,16537.5,16621.9,16499.7,107.84K,0.49
353,12/31/2022,16537.4,16607.2,16635.9,16487.3,130.44K,-0.42
354,12/30/2022,16607.2,16636.4,16644.4,16360.0,192.76K,-0.18
355,12/29/2022,16636.4,16546.2,16659.1,16496.6,181.47K,0.55
356,12/28/2022,16546.2,16705.9,16781.1,16474.2,217.96K,-0.96
357,12/27/2022,16706.1,16918.2,16964.0,16610.1,192.18K,-1.25
358,12/26/2022,16918.1,16831.8,16936.1,16799.4,133.36K,0.51
359,12/25/2022,16831.8,16835.7,16852.9,16733.0,132.89K,-0.03
360,12/24/2022,16837.2,16778.6,16855.8,16777.8,110.12K,0.35
361,12/23/2022,16779.1,16820.5,16910.7,16768.0,184.12K,-0.25
362,12/22/2022,16820.6,16831.8,16862.2,16566.1,198.28K,-0.07
363,12/21/2022,16831.8,16902.7,16919.4,16735.0,174.34K,-0.42
364,12/20/2022,16902.8,16441.3,17031.3,16400.7,284.57K,2.81
365,12/19/2022,16441.3,16741.1,16809.5,16331.2,207.93K,-1.79
366,12/18/2022,16741.1,16777.0,16825.7,16666.5,124.29K,-0.21
367,12/17/2022,16777.1,16629.0,16794.4,16587.0,164.49K,0.89
368,12/16/2022,16629.6,17356.7,17518.5,16542.4,303.56K,-4.19
369,12/15/2022,17356.1,17796.4,17846.1,17298.2,263.44K,-2.47
370,12/14/2022,17796.4,17778.6,18351.8,17682.1,318.98K,0.1
371,12/13/2022,17778.6,17210.9,17951.6,17094.5,328.71K,3.3
372,12/12/2022,17210.4,17093.2,17232.5,16878.5,249.39K,0.68
373,12/11/2022,17093.3,17127.0,17262.9,17080.6,167.20K,-0.2
374,12/10/2022,17127.2,17125.7,17220.5,17105.7,148.81K,0.01
375,12/09/2022,17125.7,17225.6,17288.6,17082.1,260.84K,-0.58
376,12/08/2022,17225.7,16835.2,17294.2,16765.8,261.64K,2.32
377,12/07/2022,16835.2,17089.4,17126.7,16715.3,244.36K,-1.49
378,12/06/2022,17089.3,16966.3,17101.1,16914.9,246.19K,0.72
379,12/05/2022,16966.5,17106.9,17395.2,16886.9,268.72K,-0.85
380,12/04/2022,17112.6,16884.8,17198.1,16881.6,197.12K,1.35
381,12/03/2022,16884.5,17093.4,17132.6,16862.1,169.29K,-1.22
382,12/02/2022,17093.6,16972.2,17096.2,16799.9,227.01K,0.72
383,12/01/2022,16972.0,17163.4,17244.7,16868.9,266.14K,-1.12
384,11/30/2022,17163.9,16440.8,17215.5,16433.2,348.22K,4.4
385,11/29/2022,16440.4,16211.9,16531.4,16100.1,271.58K,1.41
386,11/28/2022,16211.7,16426.1,16481.4,16013.5,284.84K,-1.3
387,11/27/2022,16425.6,16456.4,16595.4,16414.6,173.25K,-0.19
388,11/26/2022,16456.5,16512.3,16686.3,16387.9,194.94K,-0.34
389,11/25/2022,16512.3,16600.6,16611.8,16360.9,204.07K,-0.54
390,11/24/2022,16601.2,16604.9,16785.6,16472.0,229.59K,-0.14
391,11/23/2022,16623.9,16216.9,16677.6,16162.3,305.08K,2.53
392,11/22/2022,16212.9,15776.6,16274.6,15620.4,287.21K,2.77
393,11/21/2022,15776.2,16278.6,16287.9,15504.2,372.15K,-3.13
394,11/20/2022,16286.7,16699.3,16749.3,16209.2,172.83K,-2.47
395,11/19/2022,16699.2,16652.2,16814.9,16608.9,114.89K,0.37
396,11/18/2022,16638.3,16715.4,16846.3,16553.0,241.96K,-0.32
397,11/17/2022,16691.2,16540.5,16739.7,16425.8,257.00K,0.91
398,11/16/2022,16540.5,16895.4,16993.4,16408.2,295.73K,-2.1
399,11/15/2022,16895.1,16615.0,17112.0,16543.9,337.15K,1.69
400,11/14/2022,16613.7,16325.0,17158.4,15834.0,442.46K,1.77
401,11/13/2022,16324.5,16803.9,16946.5,16274.9,210.80K,-2.8
402,11/12/2022,16795.2,17049.9,17100.8,16633.9,192.91K,-1.49
403,11/11/2022,17049.9,17589.1,17679.4,16435.5,466.35K,-3.07
404,11/10/2022,17589.1,15887.0,18138.2,15799.3,720.74K,10.71
405,11/09/2022,15886.9,18538.9,18583.8,15603.3,869.57K,-14.25
406,11/08/2022,18527.4,20589.0,20667.5,17260.0,865.10K,-10.01
407,11/07/2022,20589.0,20916.3,21055.4,20410.5,414.24K,-1.56
408,11/06/2022,20916.3,21298.7,21360.4,20901.0,242.26K,-1.81
409,11/05/2022,21301.6,21145.7,21464.7,21084.1,261.23K,0.74
410,11/04/2022,21145.9,20206.4,21281.9,20184.6,499.50K,4.65
411,11/03/2022,20206.4,20154.0,20384.5,20066.6,347.23K,0.26
412,11/02/2022,20154.4,20482.9,20778.3,20065.8,420.23K,-1.61
413,11/01/2022,20483.5,20496.1,20676.6,20348.1,302.72K,-0.06
414,10/31/2022,20496.3,20626.0,20822.4,20260.0,327.47K,-0.63
415,10/30/2022,20626.3,20809.4,20922.3,20522.5,207.63K,-0.88
416,10/29/2022,20809.8,20594.2,21038.1,20561.9,276.54K,1.05
417,10/28/2022,20594.4,20293.0,20744.0,20058.2,318.90K,1.49
418,10/27/2022,20292.9,20769.5,20867.9,20231.6,365.49K,-2.29
419,10/26/2022,20769.5,20086.8,20981.5,20062.9,427.99K,3.42
420,10/25/2022,20082.7,19331.8,20406.9,19249.0,371.54K,3.89
421,10/24/2022,19331.5,19571.2,19588.6,19177.2,286.94K,-1.22
422,10/23/2022,19571.2,19204.8,19680.9,19092.5,180.63K,1.91
423,10/22/2022,19204.8,19162.6,19249.9,19116.1,118.24K,0.22
424,10/21/2022,19162.6,19042.9,19245.5,18703.3,294.66K,0.63
425,10/20/2022,19042.9,19125.1,19334.5,18935.6,253.20K,-0.42
426,10/19/2022,19123.9,19328.2,19358.6,19101.2,209.28K,-1.06
427,10/18/2022,19328.2,19548.4,19692.9,19102.8,290.07K,-1.13
428,10/17/2022,19548.2,19262.2,19663.5,19163.6,248.40K,1.49
429,10/16/2022,19261.9,19068.8,19411.9,19066.0,140.95K,1.01
430,10/15/2022,19068.7,19181.7,19218.7,19000.8,123.66K,-0.59
431,10/14/2022,19181.8,19379.8,19933.9,19098.6,400.45K,-1.02
432,10/13/2022,19379.8,19154.6,19494.4,18207.9,455.13K,1.17
433,10/12/2022,19154.8,19058.5,19212.6,19010.6,242.18K,0.5
434,10/11/2022,19059.1,19134.3,19261.3,18868.7,288.57K,-0.39
435,10/10/2022,19134.6,19441.7,19520.7,19057.0,243.77K,-1.58
436,10/09/2022,19441.0,19416.3,19552.1,19329.6,127.53K,0.13
437,10/08/2022,19415.0,19530.2,19612.2,19274.7,113.50K,-0.6
438,10/07/2022,19531.3,19962.4,20051.4,19352.1,263.50K,-2.13
439,10/06/2022,19956.7,20157.5,20436.7,19873.7,370.60K,-1.0
440,10/05/2022,20157.5,20340.5,20353.8,19761.7,352.76K,-0.9
441,10/04/2022,20340.2,19629.7,20436.1,19506.4,368.17K,3.63
442,10/03/2022,19628.3,19057.6,19676.0,19001.3,333.03K,3.02
443,10/02/2022,19052.2,19311.9,19389.9,18937.3,222.82K,-1.34
444,10/01/2022,19311.9,19422.9,19480.3,19172.6,173.91K,-0.57
445,09/30/2022,19423.0,19593.4,20174.9,19208.9,490.29K,-0.87
446,09/29/2022,19593.0,19420.2,19631.5,18877.9,449.57K,0.94
447,09/28/2022,19411.0,19083.4,19757.8,18505.3,581.19K,1.73
448,09/27/2022,19081.0,19228.8,20361.2,18850.4,660.12K,-0.75
449,09/26/2022,19225.7,18803.1,19304.8,18695.2,516.03K,2.25
450,09/25/2022,18803.2,18925.1,19125.1,18659.6,209.71K,-0.64
451,09/24/2022,18925.2,19288.4,19310.6,18812.0,258.50K,-1.91
452,09/23/2022,19293.5,19404.1,19477.3,18554.8,431.15K,-0.57
453,09/22/2022,19404.0,18488.1,19490.9,18371.0,448.63K,4.95
454,09/21/2022,18489.0,18875.1,19758.4,18191.8,446.85K,-2.03
455,09/20/2022,18872.4,19538.9,19626.3,18742.6,361.18K,-3.41
456,09/19/2022,19538.9,19417.4,19666.6,18277.8,423.43K,0.62
457,09/18/2022,19418.8,20113.9,20113.9,19347.7,273.11K,-3.45
458,09/17/2022,20113.5,19802.8,20178.6,19761.0,204.58K,1.57
459,09/16/2022,19802.4,19701.9,19883.0,19352.9,315.59K,0.51
460,09/15/2022,19701.7,20222.3,20321.4,19532.3,358.42K,-2.58
461,09/14/2022,20222.5,20175.5,20503.7,19654.2,374.22K,0.23
462,09/13/2022,20175.5,22395.3,22702.5,19909.6,485.32K,-9.91
463,09/12/2022,22395.3,21836.6,22465.4,21581.6,431.98K,2.57
464,09/11/2022,21834.9,21650.4,21836.4,21363.0,297.12K,0.85
465,09/10/2022,21650.4,21363.8,21790.6,21139.9,331.12K,1.33
466,09/09/2022,21365.2,19318.8,21545.7,19294.1,480.37K,10.6
467,09/08/2022,19317.4,19281.5,19444.7,19034.5,291.43K,0.19
468,09/07/2022,19281.5,18786.3,19445.9,18548.4,319.10K,2.64
469,09/06/2022,18786.4,19793.4,20169.3,18723.3,402.43K,-5.09
470,09/05/2022,19793.1,19999.9,20042.9,19650.7,238.71K,-1.03
471,09/04/2022,19999.9,19832.2,20017.8,19594.7,158.27K,0.85
472,09/03/2022,19831.4,19952.8,20043.8,19660.7,157.85K,-0.61
473,09/02/2022,19952.7,20131.6,20428.2,19764.7,272.22K,-0.86
474,09/01/2022,20126.1,20049.9,20202.7,19584.4,275.08K,0.41
475,08/31/2022,20043.9,19793.4,20469.1,19793.4,318.17K,1.27
476,08/30/2022,19792.6,20295.6,20558.2,19559.7,308.41K,-2.48
477,08/29/2022,20295.8,19551.3,20394.5,19551.2,248.04K,3.81
478,08/28/2022,19550.2,20034.2,20150.8,19542.9,159.60K,-2.41
479,08/27/2022,20033.9,20249.9,20343.6,19849.8,187.34K,-1.07
480,08/26/2022,20249.9,21564.2,21815.3,20122.4,322.16K,-6.1
481,08/25/2022,21565.4,21365.4,21801.2,21324.8,190.15K,0.94
482,08/24/2022,21365.2,21516.2,21832.3,21171.1,202.40K,-0.71
483,08/23/2022,21517.2,21416.5,21661.0,20919.6,228.65K,0.47
484,08/22/2022,21416.3,21516.8,21517.4,20912.1,251.83K,-0.47
485,08/21/2022,21517.2,21138.9,21692.4,21077.4,177.52K,1.79
486,08/20/2022,21138.9,20830.7,21357.4,20784.8,206.94K,1.48
487,08/19/2022,20831.3,23201.6,23202.3,20807.8,339.47K,-10.22
488,08/18/2022,23203.6,23337.7,23578.0,23131.3,160.97K,-0.58
489,08/17/2022,23338.0,23855.8,24423.5,23191.6,239.53K,-2.17
490,08/16/2022,23856.8,24102.6,24240.8,23693.8,201.70K,-1.02
491,08/15/2022,24101.7,24303.3,25205.7,23784.5,279.28K,-0.83
492,08/14/2022,24302.8,24442.1,24997.3,24172.2,177.25K,-0.57
493,08/13/2022,24442.5,24398.9,24882.9,24318.7,170.59K,0.18
494,08/12/2022,24398.7,23935.3,24440.8,23616.4,194.96K,1.94
495,08/11/2022,23935.3,23963.3,24873.5,23864.0,285.36K,-0.12
496,08/10/2022,23962.9,23150.3,24209.9,22714.7,243.61K,3.53
497,08/09/2022,23146.7,23818.1,23912.0,22886.5,169.62K,-2.81
498,08/08/2022,23816.3,23175.3,24234.1,23160.6,197.94K,2.77
499,08/07/2022,23175.3,22944.2,23387.7,22852.3,99.36K,1.01
500,08/06/2022,22944.2,23308.2,23344.4,22923.6,94.44K,-1.56
501,08/05/2022,23308.2,22613.3,23447.6,22593.5,208.90K,3.08
502,08/04/2022,22612.1,22822.2,23214.5,22438.7,181.19K,-0.91
503,08/03/2022,22820.8,22988.7,23623.7,22698.6,174.66K,-0.73
504,08/02/2022,22988.6,23271.1,23423.3,22670.8,177.30K,-1.21
505,08/01/2022,23271.2,23303.4,23484.4,22863.8,162.33K,-0.14
506,07/31/2022,23303.4,23634.2,24179.3,23236.2,138.84K,-1.4
507,07/30/2022,23634.2,23774.2,24605.3,23521.8,168.72K,-0.59
508,07/29/2022,23774.3,23850.2,24340.0,23451.4,221.66K,-0.32
509,07/28/2022,23850.0,22957.7,24190.5,22611.6,268.32K,3.88
510,07/27/2022,22958.3,21248.0,23027.8,21047.5,242.66K,8.05
511,07/26/2022,21248.7,21301.6,21322.3,20737.3,201.57K,-0.25
512,07/25/2022,21301.9,22582.3,22653.3,21275.4,206.93K,-5.67
513,07/24/2022,22582.1,22449.8,22987.9,22281.3,126.66K,0.54
514,07/23/2022,22460.4,22683.6,22991.0,21971.7,137.42K,-0.95
515,07/22/2022,22675.2,23150.0,23741.4,22524.2,197.54K,-2.06
516,07/21/2022,23153.0,23219.9,23403.8,22360.2,217.08K,-0.27
517,07/20/2022,23215.2,23412.0,24258.0,22944.4,281.31K,-0.83
518,07/19/2022,23410.2,22529.3,23757.3,21581.8,308.91K,3.93
519,07/18/2022,22525.8,20785.6,22714.9,20770.6,279.72K,8.37
520,07/17/2022,20785.6,21209.8,21654.4,20755.2,132.81K,-2.0
521,07/16/2022,21209.9,20825.2,21561.3,20484.4,136.89K,1.85
522,07/15/2022,20825.1,20586.1,21178.1,20393.4,164.67K,1.16
523,07/14/2022,20586.0,20250.0,20862.2,19664.9,205.28K,1.66
524,07/13/2022,20250.0,19331.6,20250.8,18942.2,249.38K,4.75
525,07/12/2022,19330.9,19963.2,20051.7,19279.6,167.91K,-3.17
526,07/11/2022,19963.2,20847.2,20855.0,19897.0,160.20K,-4.24
527,07/10/2022,20847.4,21587.4,21599.2,20689.7,204.68K,-3.43
528,07/09/2022,21587.5,21610.4,21944.1,21338.4,190.11K,-0.11
529,07/08/2022,21611.2,21637.1,22482.1,21207.0,439.90K,-0.12
530,07/07/2022,21637.8,20557.9,21817.8,20282.7,115.81K,5.24
531,07/06/2022,20561.1,20180.4,20654.9,19785.3,105.24K,1.78
532,07/05/2022,20200.6,20215.8,20706.9,19315.4,122.43K,-0.08
533,07/04/2022,20215.8,19310.6,20303.8,19052.5,92.79K,4.69
534,07/03/2022,19309.9,19243.4,19626.4,18794.4,65.27K,0.35
535,07/02/2022,19243.2,19275.4,19425.4,19006.4,58.57K,-0.1
536,07/01/2022,19262.9,19926.6,20785.6,18980.1,150.18K,-3.33
537,06/30/2022,19926.6,20111.3,20155.1,18682.7,127.73K,-0.92
538,06/29/2022,20111.3,20278.0,20415.8,19880.7,98.97K,-0.82
539,06/28/2022,20278.0,20727.9,21200.2,20210.5,83.83K,-2.18
540,06/27/2022,20730.2,21037.7,21497.5,20568.0,84.69K,-1.49
541,06/26/2022,21043.5,21489.9,21837.4,20989.7,67.21K,-2.08
542,06/25/2022,21489.9,21226.9,21553.4,20917.5,66.63K,1.24
543,06/24/2022,21226.9,21100.9,21488.7,20743.9,104.56K,0.6
544,06/23/2022,21100.7,19967.3,21189.8,19907.5,110.70K,5.68
545,06/22/2022,19965.8,20720.2,20864.3,19780.2,125.94K,-3.64
546,06/21/2022,20720.4,20571.6,21689.3,20371.7,136.32K,0.72
547,06/20/2022,20572.3,20576.9,20996.8,19658.8,140.60K,-0.02
548,06/19/2022,20577.2,18983.4,20763.5,17983.7,169.39K,8.38
549,06/18/2022,18986.5,20446.4,20744.7,17630.5,267.25K,-7.13
550,06/17/2022,20444.6,20391.3,21315.4,20244.1,136.27K,0.28
551,06/16/2022,20386.6,22577.9,22942.1,20231.1,144.00K,-9.71
552,06/15/2022,22577.9,22137.5,22754.4,20125.8,280.41K,1.9
553,06/14/2022,22157.3,22449.1,23200.3,20860.9,251.01K,-1.29
554,06/13/2022,22448.0,26606.3,26857.6,22006.3,379.26K,-15.63
555,06/12/2022,26606.3,28404.0,28534.8,26606.3,120.02K,-6.33
556,06/11/2022,28403.4,29083.3,29426.6,28161.8,82.92K,-2.34
557,06/10/2022,29083.3,30097.4,30325.6,28884.9,104.26K,-3.37
558,06/09/2022,30097.8,30202.1,30691.4,29953.8,61.72K,-0.34
559,06/08/2022,30201.6,31127.2,31312.1,29874.8,87.96K,-2.98
560,06/07/2022,31128.8,31370.3,31556.6,29235.0,140.32K,-0.76
561,06/06/2022,31367.6,29911.2,31753.4,29888.6,94.01K,4.86
562,06/05/2022,29913.0,29865.1,30166.9,29539.0,30.33K,0.16
563,06/04/2022,29864.3,29700.9,29963.8,29489.5,33.51K,0.55
564,06/03/2022,29700.9,30455.7,30674.8,29330.8,72.13K,-2.48
565,06/02/2022,30455.5,29798.6,30638.5,29604.4,81.40K,2.2
566,06/01/2022,29798.5,31793.1,31969.9,29396.6,135.09K,-6.27
567,05/31/2022,31793.4,31730.2,32377.5,31221.2,86.60K,0.22
568,05/30/2022,31723.3,29465.2,32185.6,29307.2,129.56K,7.66
569,05/29/2022,29465.2,29027.1,29556.5,28838.7,36.87K,1.51
570,05/28/2022,29027.1,28620.1,29194.4,28537.2,43.87K,1.49
571,05/27/2022,28601.2,29194.0,29377.1,28282.2,116.41K,-2.06
572,05/26/2022,29203.5,29537.9,29868.9,28077.9,126.71K,-1.14
573,05/25/2022,29540.6,29648.7,30202.3,29353.5,78.85K,-0.36
574,05/24/2022,29648.7,29091.6,29810.8,28706.1,79.42K,1.91
575,05/23/2022,29093.3,30287.3,30644.8,28913.6,92.10K,-3.94
576,05/22/2022,30286.6,29433.0,30462.0,29260.1,50.60K,2.89
577,05/21/2022,29434.6,29188.7,29623.2,28953.9,32.27K,0.88
578,05/20/2022,29178.6,30305.9,30735.1,28738.5,98.78K,-3.72
579,05/19/2022,30305.9,28700.4,30525.1,28682.1,101.38K,5.66
580,05/18/2022,28683.7,30437.5,30687.9,28648.1,92.03K,-5.76
581,05/17/2022,30437.5,29856.7,30720.1,29484.5,79.63K,1.97
582,05/16/2022,29849.0,31308.3,31312.4,29135.8,100.25K,-4.66
583,05/15/2022,31308.7,30078.6,31383.8,29499.4,65.44K,4.08
584,05/14/2022,30080.4,29285.2,30277.4,28666.7,70.46K,2.72
585,05/13/2022,29284.4,28994.3,31002.7,28755.0,141.23K,1.06
586,05/12/2022,28976.0,29073.4,30136.7,26500.5,309.48K,-0.32
587,05/11/2022,29068.2,31008.0,32113.6,27835.5,296.90K,-6.25
588,05/10/2022,31007.5,30098.2,32621.2,29831.0,235.61K,3.03
589,05/09/2022,30095.0,34041.0,34227.0,30095.0,268.09K,-11.64
590,05/08/2022,34060.0,35468.0,35497.0,33727.0,671.05M,-3.97
591,05/07/2022,35468.0,36003.0,36119.0,34773.0,288.86M,-1.5
592,05/06/2022,36009.0,36540.0,36646.0,35267.0,752.84M,-1.46
593,05/05/2022,36544.0,39686.0,39833.0,36183.0,1.04B,-7.92
594,05/04/2022,39688.0,37717.0,40021.0,37660.0,691.49M,5.22
595,05/03/2022,37718.0,38515.0,38647.0,37513.0,367.21M,-2.07
596,05/02/2022,38514.0,38472.0,39134.0,38061.0,580.79M,0.14
597,05/01/2022,38461.0,37642.0,38676.0,37397.0,276.99M,2.15
598,04/30/2022,37650.0,38590.0,38776.0,37596.0,248.22M,-2.41
599,04/29/2022,38581.0,39748.0,39919.0,38175.0,382.90M,-2.94
600,04/28/2022,39748.0,39243.0,40382.0,38888.0,542.39M,1.29
601,04/27/2022,39243.0,38113.0,39447.0,37869.0,426.83M,2.96
602,04/26/2022,38113.0,40443.0,40770.0,37708.0,681.47M,-5.72
603,04/25/2022,40427.0,39464.0,40599.0,38233.0,654.60M,2.44
604,04/24/2022,39464.0,39434.0,39929.0,39033.0,283.63M,0.12
605,04/23/2022,39418.0,39709.0,39973.0,39291.0,190.60M,-0.73
606,04/22/2022,39709.0,40487.0,40792.0,39200.0,421.30M,-1.91
607,04/21/2022,40482.0,41370.0,42969.0,39793.0,493.05M,-2.14
608,04/20/2022,41368.0,41499.0,42203.0,40915.0,382.84M,-0.33
609,04/19/2022,41503.0,40809.0,41746.0,40585.0,268.28M,1.72
610,04/18/2022,40803.0,39700.0,41095.0,38577.0,484.26M,2.77
611,04/17/2022,39703.0,40382.0,40599.0,39561.0,210.01M,-1.68
612,04/16/2022,40382.0,40571.0,40691.0,40003.0,151.31M,-0.44
613,04/15/2022,40560.0,39936.0,40850.0,39781.0,233.09M,1.56
614,04/14/2022,39936.0,41133.0,41494.0,39585.0,294.29M,-2.91
615,04/13/2022,41133.0,40072.0,41515.0,39581.0,406.70M,2.63
616,04/12/2022,40078.0,39507.0,40678.0,39265.0,468.27M,1.47
617,04/11/2022,39497.0,42144.0,42418.0,39202.0,608.38M,-6.27
618,04/10/2022,42138.0,42760.0,43421.0,41884.0,255.83M,-1.47
619,04/09/2022,42767.0,42275.0,42809.0,42129.0,165.16M,1.16
620,04/08/2022,42275.0,43450.0,43979.0,42113.0,467.83M,-2.7
621,04/07/2022,43448.0,43166.0,43893.0,42747.0,390.85M,0.64
622,04/06/2022,43173.0,45494.0,45519.0,43122.0,649.52M,-5.13
623,04/05/2022,45506.0,46614.0,47201.0,45388.0,421.11M,-2.41
624,04/04/2022,46629.0,46407.0,46899.0,45152.0,446.12M,0.48
625,04/03/2022,46407.0,45813.0,47435.0,45554.0,398.86M,1.3
626,04/02/2022,45811.0,46299.0,47212.0,45641.0,345.93M,-1.05
627,04/01/2022,46297.0,45529.0,46728.0,44261.0,632.93M,1.7
628,03/31/2022,45525.0,47071.0,47624.0,45228.0,520.00M,-3.29
629,03/30/2022,47075.0,47449.0,47714.0,46601.0,467.76M,-0.79
630,03/29/2022,47449.0,47126.0,48127.0,47029.0,478.82M,0.73
631,03/28/2022,47105.0,46859.0,48199.0,46672.0,610.27M,0.52
632,03/27/2022,46859.0,44542.0,46947.0,44445.0,388.79M,5.19
633,03/26/2022,44548.0,44331.0,44818.0,44090.0,196.30M,0.49
634,03/25/2022,44331.0,44013.0,45112.0,43622.0,494.09M,0.72
635,03/24/2022,44013.0,42911.0,44251.0,42658.0,491.66M,2.57
636,03/23/2022,42912.0,42373.0,43027.0,41795.0,433.96M,1.27
637,03/22/2022,42373.0,41022.0,43327.9,40893.0,537.06M,3.29
638,03/21/2022,41022.0,41282.0,41532.0,40530.0,406.62M,-0.62
639,03/20/2022,41276.0,42241.0,42301.0,40922.0,308.45M,-2.27
640,03/19/2022,42233.0,41768.0,42386.0,41529.6,224.59M,1.11
641,03/18/2022,41767.8,40914.6,42308.4,40234.8,2.31B,2.08
642,03/17/2022,40914.8,41118.7,41406.0,40557.8,1.90B,-0.5
643,03/16/2022,41118.7,39282.5,41701.6,38953.2,4.47B,4.67
644,03/15/2022,39285.7,39673.0,39854.7,38220.9,2.25B,-0.97
645,03/14/2022,39671.1,37789.5,39914.3,37613.6,2.33B,4.97
646,03/13/2022,37792.4,38813.2,39272.3,37603.4,1.55B,-2.63
647,03/12/2022,38814.3,38730.2,39355.3,38666.5,1.11B,0.22
648,03/11/2022,38730.2,39422.5,40177.0,38236.4,2.79B,-1.74
649,03/10/2022,39416.3,41933.9,42029.1,38603.5,3.62B,-5.99
650,03/09/2022,41929.0,38731.5,42538.5,38663.3,3.60B,8.22
651,03/08/2022,38744.8,38020.6,39351.5,37886.6,2.67B,1.89
652,03/07/2022,38024.8,38420.6,39532.0,37182.1,3.02B,-0.99
653,03/06/2022,38403.1,39396.3,39668.1,38115.0,1.93B,-2.52
654,03/05/2022,39395.8,39142.8,39600.2,38626.1,1.50B,0.65
655,03/04/2022,39142.7,42463.0,42848.7,38594.9,3.21B,-7.82
656,03/03/2022,42463.0,43912.8,44077.2,41840.8,74.11K,-3.3
657,03/02/2022,43912.8,44420.3,45294.2,43361.3,80.82K,-1.14
658,03/01/2022,44420.3,43187.2,44900.5,42876.6,90.67K,2.85
659,02/28/2022,43188.2,37707.2,43977.8,37458.9,108.07K,14.59
660,02/27/2022,37689.1,39116.6,39838.5,37062.3,66.14K,-3.65
661,02/26/2022,39115.5,39221.6,40094.5,38639.1,41.55K,-0.24
662,02/25/2022,39209.6,38339.2,39683.7,38042.6,83.78K,2.27
663,02/24/2022,38339.2,37250.2,39351.6,34357.4,180.47K,2.99
664,02/23/2022,37224.6,38248.2,39194.5,37099.5,64.84K,-2.68
665,02/22/2022,38248.2,37018.3,38414.9,36399.6,82.75K,3.32
666,02/21/2022,37017.7,38355.0,39444.1,36868.9,91.82K,-3.49
667,02/20/2022,38355.0,40089.6,40120.3,38042.2,47.92K,-4.33
668,02/19/2022,40090.3,40000.1,40434.3,39666.6,25.78K,0.23
669,02/18/2022,40000.1,40532.5,40935.5,39505.0,64.96K,-1.36
670,02/17/2022,40552.8,43885.5,44167.1,40103.8,72.63K,-7.59
671,02/16/2022,43883.6,44540.9,44552.9,43377.6,41.40K,-1.48
672,02/15/2022,44544.4,42550.3,44722.6,42460.1,56.34K,4.69
673,02/14/2022,42550.3,42061.1,42799.7,41591.3,53.60K,1.16
674,02/13/2022,42061.1,42205.5,42725.1,41880.1,25.88K,-0.34
675,02/12/2022,42205.2,42388.4,43006.4,41776.8,37.88K,-0.43
676,02/11/2022,42388.4,43519.3,43915.1,42023.4,69.95K,-2.6
677,02/10/2022,43521.0,44388.9,45755.2,43242.5,89.69K,-1.96
678,02/09/2022,44388.9,44038.2,44800.4,43163.0,50.92K,0.8
679,02/08/2022,44038.2,43833.9,45399.8,42705.0,92.88K,0.47
680,02/07/2022,43833.9,42385.2,44468.3,41695.4,76.60K,3.4
681,02/06/2022,42392.2,41411.9,42614.8,41176.3,31.20K,2.37
682,02/05/2022,41412.1,41566.5,41899.8,40963.3,46.32K,-0.37
683,02/04/2022,41567.6,37287.8,41689.0,37041.1,95.49K,11.48
684,02/03/2022,37287.8,36890.2,37304.3,36297.3,50.35K,1.08
685,02/02/2022,36890.2,38711.2,38853.8,36682.3,53.74K,-4.7
686,02/01/2022,38709.7,38475.6,39230.0,38037.9,55.20K,0.55
687,01/31/2022,38498.6,37923.8,38701.4,36672.8,61.27K,1.53
688,01/30/2022,37917.7,38167.5,38313.3,37390.6,34.10K,-0.66
689,01/29/2022,38170.8,37736.5,38663.7,37350.2,42.77K,1.13
690,01/28/2022,37745.1,37195.6,37995.9,36176.5,69.45K,1.56
691,01/27/2022,37164.3,36800.1,37215.4,35543.2,83.52K,0.99
692,01/26/2022,36800.4,36962.3,38862.6,36280.0,107.87K,-0.41
693,01/25/2022,36950.6,36691.3,37501.8,35729.3,79.68K,0.72
694,01/24/2022,36686.3,36268.6,37424.0,32985.6,153.77K,1.15
695,01/23/2022,36269.5,35072.9,36513.0,34655.2,70.43K,3.4
696,01/22/2022,35075.2,36467.7,36749.8,34116.0,138.09K,-3.84
697,01/21/2022,36475.5,40698.1,41104.6,35503.9,155.80K,-10.41
698,01/20/2022,40715.9,41683.6,43487.1,40568.3,65.28K,-2.31
699,01/19/2022,41677.8,42365.3,42558.0,41160.9,53.77K,-1.62
700,01/18/2022,42364.6,42209.9,42674.2,41300.7,47.32K,0.37
701,01/17/2022,42209.3,43080.5,43179.6,41559.4,41.44K,-2.02
702,01/16/2022,43079.1,43079.2,43462.0,42643.3,28.66K,-0.04
703,01/15/2022,43097.0,43073.6,43777.9,42586.1,31.44K,0.06
704,01/14/2022,43073.3,42562.2,43435.1,41848.7,50.50K,1.21
705,01/13/2022,42560.0,43900.0,44404.7,42337.5,53.42K,-3.05
706,01/12/2022,43901.0,42735.0,44243.6,42476.7,53.95K,2.73
707,01/11/2022,42733.2,41829.1,43090.2,41287.6,61.78K,2.15
708,01/10/2022,41832.2,41848.9,42243.8,39697.0,85.50K,-0.04
709,01/09/2022,41848.3,41681.2,42764.4,41260.9,37.51K,0.42
710,01/08/2022,41672.0,41551.3,42304.4,40574.3,52.54K,0.3
711,01/07/2022,41546.7,43097.9,43127.7,40810.0,88.36K,-3.6
712,01/06/2022,43097.5,43431.6,43772.3,42481.1,63.08K,-0.76
713,01/05/2022,43425.9,45833.1,47019.4,42535.1,83.74K,-5.26
714,01/04/2022,45837.3,46435.7,47505.4,45602.1,55.59K,-1.28
715,01/03/2022,46430.2,47293.9,47556.0,45704.0,41.06K,-1.86
716,01/02/2022,47311.8,47738.7,47944.9,46718.2,27.02K,-0.89
717,01/01/2022,47738.0,46217.5,47917.6,46217.5,31.24K,3.29
718,12/31/2021,46219.5,47123.3,48553.9,45693.6,58.18K,-1.92
719,12/30/2021,47123.3,46470.7,47901.4,46003.0,60.96K,1.42
720,12/29/2021,46461.7,47548.4,48121.7,46127.8,63.92K,-2.28
721,12/28/2021,47545.2,50703.4,50703.8,47345.7,74.39K,-6.18
722,12/27/2021,50678.2,50783.6,52016.3,50459.0,43.90K,-0.2
723,12/26/2021,50779.9,50404.0,51247.0,49527.0,32.34K,0.74
724,12/25/2021,50406.4,50789.6,51140.2,50196.8,26.67K,-0.75
725,12/24/2021,50786.1,50807.4,51795.3,50428.4,45.97K,-0.03
726,12/23/2021,50801.0,48599.6,51355.6,48053.4,56.24K,4.53
727,12/22/2021,48599.7,48898.7,49540.3,48449.7,40.89K,-0.62
728,12/21/2021,48902.0,46900.1,49306.1,46654.0,57.88K,4.28
729,12/20/2021,46895.2,46703.4,47488.9,45577.3,57.53K,0.41
730,12/19/2021,46704.5,46855.7,48270.2,46438.4,44.05K,-0.32
731,12/18/2021,46856.2,46171.8,47330.2,45513.4,36.93K,1.48
732,12/17/2021,46172.2,47630.4,47997.2,45523.8,67.50K,-3.06
733,12/16/2021,47628.2,48876.6,49387.8,47543.9,48.20K,-2.54
734,12/15/2021,48871.5,48366.2,49477.9,46572.6,80.28K,1.04
735,12/14/2021,48366.5,46709.8,48635.0,46338.3,62.54K,3.56
736,12/13/2021,46703.6,50075.9,50196.1,45848.2,80.37K,-6.74
737,12/12/2021,50081.0,49332.5,50779.2,48670.5,40.30K,1.55
738,12/11/2021,49314.5,47138.4,49487.0,46834.0,45.23K,4.62
739,12/10/2021,47137.2,47591.7,49974.8,47007.1,68.06K,-0.97
740,12/09/2021,47596.6,50477.6,50790.2,47341.9,58.69K,-5.7
741,12/08/2021,50473.9,50596.6,51204.7,48700.7,55.59K,-0.24
742,12/07/2021,50595.2,50547.4,51918.6,50070.9,56.29K,0.07
743,12/06/2021,50562.1,49412.1,50913.3,47237.9,89.68K,2.34
744,12/05/2021,49405.5,49196.4,49689.3,47797.8,72.03K,0.43
745,12/04/2021,49195.2,53620.7,53847.2,42587.8,168.00K,-8.27
746,12/03/2021,53631.5,56495.2,57543.6,52008.9,89.20K,-5.07
747,12/02/2021,56496.0,57207.8,57377.5,55807.9,54.94K,-1.25
748,12/01/2021,57210.3,56891.7,59064.3,56496.5,66.75K,0.58
749,11/30/2021,56882.9,57795.2,59174.4,55936.9,73.66K,-1.58
750,11/29/2021,57794.8,57288.1,58855.2,56726.7,58.65K,0.88
751,11/28/2021,57291.5,54758.0,57392.3,53448.3,49.28K,4.61
752,11/27/2021,54765.9,53747.2,55280.3,53654.3,40.71K,1.93
753,11/26/2021,53730.9,58937.3,59151.1,53533.5,104.03K,-8.83
754,11/25/2021,58935.1,57167.1,59387.3,57029.8,56.79K,3.08
755,11/24/2021,57171.7,57559.4,57697.4,55910.6,56.68K,-0.7
756,11/23/2021,57573.2,56304.8,57855.1,55542.5,72.48K,2.25
757,11/22/2021,56308.8,58719.7,59288.3,55656.8,76.45K,-4.1
758,11/21/2021,58714.3,59724.0,60002.6,58528.3,40.98K,-1.68
759,11/20/2021,59717.6,58080.8,59854.6,57435.3,44.53K,2.81
760,11/19/2021,58083.4,56908.3,58335.9,55626.3,74.44K,1.98
761,11/18/2021,56955.3,60368.2,60936.9,56524.4,100.37K,-5.65
762,11/17/2021,60367.8,60074.2,60814.5,58531.9,73.93K,0.46
763,11/16/2021,60089.1,63605.1,63605.6,58655.9,115.36K,-5.52
764,11/15/2021,63597.9,65514.9,66311.2,63439.5,53.53K,-2.92
765,11/14/2021,65508.2,64397.2,65508.2,63608.3,33.98K,1.72
766,11/13/2021,64398.6,64133.3,64906.0,63381.4,30.34K,0.41
767,11/12/2021,64134.5,64782.6,65449.7,62309.7,63.27K,-1.04
768,11/11/2021,64806.7,64922.8,65583.3,64121.9,50.37K,-0.19
769,11/10/2021,64932.6,66942.6,68990.6,62951.3,96.21K,-2.95
770,11/09/2021,66904.4,67528.7,68493.3,66334.9,66.13K,-0.92
771,11/08/2021,67527.9,63276.4,67763.3,63276.4,81.08K,6.72
772,11/07/2021,63273.2,61483.8,63273.2,61347.2,34.34K,2.91
773,11/06/2021,61483.9,60973.2,61543.2,60093.6,34.89K,0.84
774,11/05/2021,60974.3,61411.5,62560.3,60742.4,44.46K,-0.71
775,11/04/2021,61412.6,62915.4,63077.6,60742.9,49.91K,-2.39
776,11/03/2021,62918.5,63223.5,63508.6,60883.0,61.05K,-0.48
777,11/02/2021,63221.7,60912.2,64256.4,60651.5,65.26K,3.79
778,11/01/2021,60915.3,61310.1,62430.1,59612.7,61.21K,-0.64
779,10/31/2021,61309.6,61842.2,62393.7,60005.7,50.06K,-0.86
780,10/30/2021,61840.1,62245.0,62338.5,60786.0,40.51K,-0.65
781,10/29/2021,62242.8,60579.9,62952.2,60322.2,63.39K,2.74
782,10/28/2021,60582.5,58437.2,62251.3,58128.1,88.47K,3.67
783,10/27/2021,58438.1,60312.5,61452.9,58112.6,88.11K,-3.11
784,10/26/2021,60310.8,63067.5,63275.1,59907.3,57.13K,-4.37
785,10/25/2021,63067.0,60864.3,63694.8,60655.8,51.06K,3.62
786,10/24/2021,60866.5,61308.2,61469.9,59523.7,42.67K,-0.73
787,10/23/2021,61312.5,60693.2,61728.7,59738.3,37.05K,1.03
788,10/22/2021,60690.3,62200.8,63699.7,60055.7,75.69K,-2.44
789,10/21/2021,62210.2,66004.6,66616.9,62092.1,105.38K,-5.71
790,10/20/2021,65979.1,64276.9,66967.1,63543.7,79.87K,2.65
791,10/19/2021,64278.5,62030.2,64454.0,61451.0,80.16K,3.58
792,10/18/2021,62056.3,61525.8,62623.6,60026.9,80.15K,0.86
793,10/17/2021,61527.5,60865.5,61651.4,59143.4,53.39K,1.09
794,10/16/2021,60861.1,61669.2,62329.2,60161.9,49.93K,-1.32
795,10/15/2021,61672.5,57348.2,62892.8,56874.8,121.48K,7.54
796,10/14/2021,57345.8,57370.4,58506.5,56866.8,59.84K,-0.06
797,10/13/2021,57380.1,56014.5,57697.4,54314.4,73.62K,2.44
798,10/12/2021,56015.9,57480.6,57635.7,54155.4,74.85K,-2.54
0,2022-01-01 00:00:00,41321.0,46217.5,47944.9,,517.02K,-10.6
1,2021-12-01 00:00:00,46219.5,56891.7,59064.3,,1.90M,-18.75
2,2021-11-01 00:00:00,56882.9,61310.1,68990.6,,1.85M,-7.22
3,2021-10-01 00:00:00,61309.6,43824.4,66967.1,,2.18M,39.9
4,2021-09-01 00:00:00,43823.3,47129.2,52885.3,,2.21M,-7.02
5,2021-08-01 00:00:00,47130.4,41510.0,50498.8,,2.14M,13.42
6,2021-07-01 00:00:00,41553.7,35030.7,42285.3,,2.44M,18.63
7,2021-06-01 00:00:00,35026.9,37294.3,41318.0,,4.14M,-6.09
8,2021-05-01 00:00:00,37298.6,57719.1,59523.9,,5.33M,-35.38
9,2021-03-01 00:00:00,57720.3,58763.2,64778.0,,2.97M,-1.78
10,2021-03-01 00:00:00,58763.7,45160.5,61795.8,,3.01M,30.11
11,2021-02-01 00:00:00,45164.0,33106.8,58335.1,,4.01M,36.41
12,2021-01-01 00:00:00,33108.1,28951.7,41921.7,,5.50M,14.37
13,2020-12-01 00:00:00,28949.4,19697.8,29298.8,,3.85M,46.97
14,2020-11-01 00:00:00,19698.1,18394.6,19831.2,,4.05M,42.77
15,2020-10-01 00:00:00,13797.3,10776.6,14065.4,,2.41M,28.04
16,2020-09-01 00:00:00,10776.1,11644.2,12045.9,,83.88M,-7.46
17,2020-08-01 00:00:00,11644.2,11333.2,12444.1,,15.39M,2.74
18,2020-07-01 00:00:00,11333.4,10961.1,11434.8,,13.21M,24.06
19,2020-06-01 00:00:00,9135.4,9454.5,10301.8,,15.35M,-3.38
20,2020-05-01 00:00:00,9454.8,8628.6,10033.0,,38.48M,9.57
21,2020-03-01 00:00:00,8629.0,6412.4,9437.5,,39.41M,34.56
22,2020-03-01 00:00:00,6412.5,8543.8,9180.8,,48.24M,-24.94
23,2020-02-01 00:00:00,8543.7,9349.3,10482.6,,23.76M,-8.62
24,2020-01-01 00:00:00,9349.1,7196.4,9569.0,,23.56M,29.91
25,2019-12-01 00:00:00,7196.4,7546.5,7702.2,,21.03M,-4.64
26,2019-11-01 00:00:00,7546.6,9153.1,9500.4,,21.33M,-17.55
27,2019-10-01 00:00:00,9152.6,8285.0,10540.0,,19.93M,10.48
28,2019-09-01 00:00:00,8284.3,9594.7,10896.2,,13.58M,-13.65
29,2019-08-01 00:00:00,9594.4,10081.9,12291.9,,17.53M,-4.84
30,2019-07-01 00:00:00,10082.0,10821.4,13134.4,,23.61M,-6.81
31,2019-06-01 00:00:00,10818.6,8556.9,13929.8,,22.96M,26.41
32,2019-05-01 00:00:00,8558.3,5321.1,9045.9,,44.06M,60.85
33,2019-03-01 00:00:00,5320.8,4102.3,5594.4,,54.03M,29.7
34,2019-03-01 00:00:00,4102.3,3816.7,4138.1,,81.62M,7.49
35,2019-02-01 00:00:00,3816.6,3437.7,4194.2,,23.13M,11.04
36,2019-01-01 00:00:00,3437.2,3709.5,4070.5,,15.72M,-7.34
37,2018-12-01 00:00:00,3709.4,4038.7,4316.1,,15.70M,-8.18
38,2018-11-01 00:00:00,4039.7,6365.9,6594.3,,8.71M,-36.54
39,2018-10-01 00:00:00,6365.9,6635.2,7358.4,,58.80M,-4.06
40,2018-09-01 00:00:00,6635.2,7032.4,7409.9,,154.15M,-5.67
41,2018-08-01 00:00:00,7033.8,7728.5,7753.2,,63.25M,-9.0
42,2018-07-01 00:00:00,7729.4,6398.5,8484.6,,7.06M,20.79
43,2018-06-01 00:00:00,6398.9,7502.5,7775.0,,4.78M,-14.71
44,2018-05-01 00:00:00,7502.6,9245.1,9992.8,,5.04M,-18.85
45,2018-03-01 00:00:00,9245.1,6939.1,9753.1,,6.22M,33.25
46,2018-03-01 00:00:00,6938.2,10335.1,11506.9,,7.61M,-32.86
47,2018-02-01 00:00:00,10333.9,10266.2,11791.5,,8.54M,0.67
48,2018-01-01 00:00:00,10265.4,13850.5,17252.8,,4.84M,-25.88
49,2017-12-01 00:00:00,13850.4,9947.1,19870.6,,5.12M,39.25
50,2017-11-01 00:00:00,9946.8,6449.1,11417.8,,3.96M,54.18
51,2017-10-01 00:00:00,6451.2,4360.6,6467.2,,2.98M,47.94
52,2017-09-01 00:00:00,4360.6,4735.1,4976.5,,3.93M,-7.91
53,2017-08-01 00:00:00,4735.1,2883.3,4765.1,,3.13M,64.23
54,2017-07-01 00:00:00,2883.3,2480.6,2932.8,,3.75M,16.23
55,2017-06-01 00:00:00,2480.6,2303.3,2985.1,,3.35M,7.7
56,2017-05-01 00:00:00,2303.3,1351.9,2781.8,,3.45M,70.38
57,2017-03-01 00:00:00,1351.9,1079.1,1358.9,,1.56M,25.28
58,2017-03-01 00:00:00,1079.1,1189.3,1330.4,,2.68M,-9.26
59,2017-02-01 00:00:00,1189.3,965.5,1211.7,,1.31M,23.18
60,2017-01-01 00:00:00,965.5,963.4,1150.6,,2.21M,0.22
61,2016-12-01 00:00:00,963.4,742.5,982.6,,1.27M,29.75
62,2016-11-01 00:00:00,742.5,698.7,755.3,,1.23M,6.27
63,2016-10-01 00:00:00,698.7,608.1,720.2,,905.66K,14.89
64,2016-09-01 00:00:00,608.1,573.9,705.0,,748.55K,5.97
65,2016-08-01 00:00:00,573.9,621.9,627.9,,1.08M,-7.72
66,2016-07-01 00:00:00,621.9,670.0,701.5,,1.63M,-7.19
67,2016-06-01 00:00:00,670.0,528.9,776.0,,3.55M,26.68
68,2016-05-01 00:00:00,528.9,448.5,548.0,,1.66M,17.92
69,2016-03-01 00:00:00,448.5,415.7,468.9,,1.39M,7.91
70,2016-03-01 00:00:00,415.7,436.2,439.0,,1.66M,-4.71
71,2016-02-01 00:00:00,436.2,369.8,447.6,,1.99M,17.95
72,2016-01-01 00:00:00,369.8,430.0,462.9,,2.49M,-13.98
73,2015-12-01 00:00:00,430.0,378.0,467.7,,3.20M,13.75
74,2015-11-01 00:00:00,378.0,311.2,492.8,,4.29M,21.44
75,2015-10-01 00:00:00,311.2,235.9,334.9,,2.28M,31.92
76,2015-09-01 00:00:00,235.9,229.5,246.4,,1.65M,2.82
77,2015-08-01 00:00:00,229.5,283.7,285.7,,2.22M,-19.12
78,2015-07-01 00:00:00,283.7,264.1,315.9,,1.86M,7.42
79,2015-06-01 00:00:00,264.1,229.8,268.7,,1.75M,14.91
80,2015-05-01 00:00:00,229.8,235.8,247.9,,1.64M,-2.52
81,2015-03-01 00:00:00,235.8,244.1,261.5,,2.07M,-3.43
82,2015-03-01 00:00:00,244.1,254.1,301.0,,2.97M,-3.9
83,2015-02-01 00:00:00,254.1,218.5,264.6,,2.09M,16.27
84,2015-01-01 00:00:00,218.5,318.2,321.4,,1.56M,-31.34
85,2014-12-01 00:00:00,318.2,374.9,384.9,,847.29K,-15.12
86,2014-11-01 00:00:00,374.9,337.9,480.5,,711.11K,10.97
87,2014-10-01 00:00:00,337.9,388.2,407.7,,569.00K,-12.96
88,2014-09-01 00:00:00,388.2,481.8,498.5,,295.62K,-19.43
89,2014-08-01 00:00:00,481.8,589.5,608.2,,126.17K,-18.28
90,2014-07-01 00:00:00,589.5,635.1,652.5,,107.22K,-7.18
91,2014-06-01 00:00:00,635.1,627.9,676.5,,111.81K,1.15
92,2014-05-01 00:00:00,627.9,445.6,629.0,,85.75K,40.9
93,2014-03-01 00:00:00,445.6,444.7,549.0,,161.16K,0.22
94,2014-03-01 00:00:00,444.7,573.9,695.4,,94.27K,-22.53
95,2014-02-01 00:00:00,573.9,938.8,969.2,,996.35K,-38.87
96,2014-01-01 00:00:00,938.8,805.9,1093.4,,306.25K,16.49
97,2013-12-01 00:00:00,805.9,1205.7,1239.9,,920.80K,-33.15
98,2013-11-01 00:00:00,1205.7,211.2,1241.9,,1.13M,470.94
99,2013-10-01 00:00:00,211.2,141.9,233.4,,753.58K,48.82
100,2013-09-01 00:00:00,141.9,141.0,148.9,,451.29K,0.64
101,2013-08-01 00:00:00,141.0,106.2,148.7,,604.91K,32.76
102,2013-07-01 00:00:00,106.2,97.5,111.7,,1.14M,8.92
103,2013-06-01 00:00:00,97.5,128.8,130.1,,1.05M,-24.31
104,2013-05-01 00:00:00,128.8,139.2,140.1,,2.07M,-7.48
105,2013-03-01 00:00:00,139.2,93.0,266.0,,4.73M,49.66
106,2013-03-01 00:00:00,93.0,33.4,95.7,,2.12M,178.7
107,2013-02-01 00:00:00,33.4,20.4,34.5,,1.58M,63.55
108,2013-01-01 00:00:00,20.4,13.5,21.4,,1.46M,51.07
109,2012-12-01 00:00:00,13.5,12.6,13.9,,876.92K,7.48
110,2012-11-01 00:00:00,12.6,11.2,12.6,,804.19K,12.23
111,2012-10-01 00:00:00,11.2,12.4,13.1,,1.15M,-9.68
112,2012-09-01 00:00:00,12.4,10.2,12.7,,959.78K,22.05
113,2012-08-01 00:00:00,10.2,9.4,15.4,,2.45M,8.66
114,2012-07-01 00:00:00,9.4,6.7,9.7,,1.90M,39.76
115,2012-06-01 00:00:00,6.7,5.2,6.8,,1.38M,29.15
116,2012-05-01 00:00:00,5.2,4.9,5.2,,1.24M,4.65
117,2012-03-01 00:00:00,4.9,4.9,5.5,,1.66M,0.0
118,2012-03-01 00:00:00,4.9,4.9,5.4,,1.76M,0.0
119,2012-02-01 00:00:00,4.9,5.5,6.2,,2.84M,-11.31
120,2012-01-01 00:00:00,5.5,4.7,7.2,,3.21M,16.1
121,2011-12-01 00:00:00,4.7,3.0,5.0,,1.90M,58.92
122,2011-11-01 00:00:00,3.0,3.3,3.4,,1.97M,-8.62
123,2011-10-01 00:00:00,3.3,5.1,5.3,,1.73M,-36.77
124,2011-09-01 00:00:00,5.1,8.2,8.7,,1.49M,-37.32
125,2011-08-01 00:00:00,8.2,13.4,13.6,,1.22M,-38.58
126,2011-07-01 00:00:00,13.4,16.1,16.7,,1.05M,-17.08
127,2011-06-01 00:00:00,16.1,8.7,31.9,,1.36M,84.21
128,2011-05-01 00:00:00,8.7,3.5,9.5,,949.02K,149.71
129,2011-03-01 00:00:00,3.5,0.8,4.2,,868.76K,346.09
130,2011-03-01 00:00:00,0.8,0.9,1.0,,243.30K,-8.77
131,2011-02-01 00:00:00,0.9,0.5,1.1,,367.30K,65.38
132,2011-01-01 00:00:00,0.5,0.3,0.9,,377.75K,73.33
133,2010-12-01 00:00:00,0.3,0.2,0.3,,263.65K,44.09
134,2010-11-01 00:00:00,0.2,0.2,0.5,,826.25K,0.0
135,2010-10-01 00:00:00,0.2,0.1,0.2,,1.11M,210.99
136,2010-09-01 00:00:00,0.1,0.1,0.2,,216.81K,0.0
137,2010-08-01 00:00:00,0.1,0.1,0.1,,221.74K,0.0
